<collection xmlns="http://exist.sourceforge.net/NS/exist" name="/db/Dashboard/Indicators" owner="admin" group="dba" mode="755" created="2018-06-06T14:46:40+02:00" version="1">
    <acl entries="0" version="1"/>
    <resource type="XMLResource" name="DureeActionTablette" owner="admin" group="dba" mode="644" created="2018-01-05T16:25:53+01:00" modified="2018-01-05T16:30:11+01:00" filename="DureeActionTablette" mimetype="application/xml">
        <acl entries="0" version="1"/>
    </resource>
    <resource type="XMLResource" name="EvolutionTablette" owner="admin" group="dba" mode="644" created="2018-01-05T16:27:09+01:00" modified="2018-01-05T16:31:32+01:00" filename="EvolutionTablette" mimetype="application/xml">
        <acl entries="0" version="1"/>
    </resource>
    <resource type="XMLResource" name="ActivityCouverture" owner="admin" group="dba" mode="644" created="2018-03-30T16:00:51+02:00" modified="2018-06-04T17:28:26+02:00" filename="ActivityCouverture" mimetype="application/xml">
        <acl entries="0" version="1"/>
    </resource>
    <resource type="XMLResource" name="ActivityEngagement" owner="admin" group="dba" mode="644" created="2018-03-30T16:01:47+02:00" modified="2018-06-04T17:28:17+02:00" filename="ActivityEngagement" mimetype="application/xml">
        <acl entries="0" version="1"/>
    </resource>
    <resource type="XMLResource" name="ActivitySimulation" owner="admin" group="dba" mode="644" created="2018-03-30T16:02:16+02:00" modified="2018-06-04T17:28:45+02:00" filename="ActivitySimulation" mimetype="application/xml">
        <acl entries="0" version="1"/>
    </resource>
    <resource type="XMLResource" name="ActivityTemps" owner="admin" group="dba" mode="644" created="2018-03-30T16:03:06+02:00" modified="2018-06-04T17:28:54+02:00" filename="ActivityTemps" mimetype="application/xml">
        <acl entries="0" version="1"/>
    </resource>
    <resource type="XMLResource" name="PerformanceTemps" owner="admin" group="dba" mode="644" created="2017-11-23T10:05:15+01:00" modified="2018-01-05T16:14:49+01:00" filename="PerformanceTemps" mimetype="application/xml">
        <acl entries="0" version="1"/>
    </resource>
    <resource type="XMLResource" name="NombreActionParTablette" owner="admin" group="dba" mode="644" created="2017-11-23T11:08:26+01:00" modified="2018-01-10T11:19:34+01:00" filename="NombreActionParTablette" mimetype="application/xml">
        <acl entries="0" version="1"/>
    </resource>
    <resource type="XMLResource" name="trajetTotal" owner="admin" group="dba" mode="644" created="2017-12-14T13:38:53+01:00" modified="2018-01-05T16:18:22+01:00" filename="trajetTotal" mimetype="application/xml">
        <acl entries="0" version="1"/>
    </resource>
    <resource type="XMLResource" name="trajetSymboliqueparequipe" owner="admin" group="dba" mode="644" created="2017-12-14T13:38:22+01:00" modified="2018-01-05T16:16:19+01:00" filename="trajetSymboliqueparequipe" mimetype="application/xml">
        <acl entries="0" version="1"/>
    </resource>
    <resource type="XMLResource" name="EvolutiondesTablettesParStation" owner="admin" group="dba" mode="644" created="2017-11-23T15:57:21+01:00" modified="2018-01-05T16:01:19+01:00" filename="EvolutiondesTablettesParStation" mimetype="application/xml">
        <acl entries="0" version="1"/>
    </resource>
    <resource type="XMLResource" name="PassageParStation" owner="admin" group="dba" mode="644" created="2017-11-23T15:59:00+01:00" modified="2018-03-30T16:00:29+02:00" filename="PassageParStation" mimetype="application/xml">
        <acl entries="0" version="1"/>
    </resource>
    <resource type="XMLResource" name="trajetSymboliquetotal" owner="admin" group="dba" mode="644" created="2017-12-14T13:37:37+01:00" modified="2018-01-05T16:16:49+01:00" filename="trajetSymboliquetotal" mimetype="application/xml">
        <acl entries="0" version="1"/>
    </resource>
    <resource type="XMLResource" name="uyh" owner="admin" group="dba" mode="644" created="2017-11-17T15:25:57+01:00" modified="2018-01-05T16:02:20+01:00" filename="uyh" mimetype="application/xml">
        <acl entries="0" version="1"/>
    </resource>
    <resource type="XMLResource" name="PassageTablette" owner="admin" group="dba" mode="644" created="2018-01-05T16:22:01+01:00" modified="2018-06-01T12:38:08+02:00" filename="PassageTablette" mimetype="application/xml">
        <acl entries="0" version="1"/>
    </resource>
    <resource type="XMLResource" name="DureeTablette" owner="admin" group="dba" mode="644" created="2018-01-05T16:23:16+01:00" modified="2018-01-05T16:32:32+01:00" filename="DureeTablette" mimetype="application/xml">
        <acl entries="0" version="1"/>
    </resource>
    <resource type="XMLResource" name="Evolution" owner="admin" group="dba" mode="644" created="2018-01-05T16:23:56+01:00" modified="2018-01-05T16:34:32+01:00" filename="Evolution" mimetype="application/xml">
        <acl entries="0" version="1"/>
    </resource>
    <subcollection name="TactileoMap" filename="TactileoMap"/>
    <subcollection name="Rearth" filename="Rearth"/>
    <subcollection name="Tamagocours" filename="Tamagocours"/>
</collection>