<collection xmlns="http://exist.sourceforge.net/NS/exist" name="/db/Dashboard/Indicators/Tamagocours" owner="admin" group="dba" mode="755" created="2018-06-06T14:47:35+02:00" version="1">
    <acl entries="0" version="1"/>
    <resource type="XMLResource" name="Evolution_des_tablettes_par_station" owner="admin" group="dba" mode="644" created="2018-06-04T14:48:25+02:00" modified="2018-06-04T14:49:23+02:00" filename="Evolution_des_tablettes_par_station" mimetype="application/xml">
        <acl entries="0" version="1"/>
    </resource>
    <resource type="XMLResource" name="Duree_par_action" owner="admin" group="dba" mode="644" created="2018-06-04T14:45:26+02:00" modified="2018-06-04T14:54:41+02:00" filename="Duree_par_action" mimetype="application/xml">
        <acl entries="0" version="1"/>
    </resource>
    <resource type="XMLResource" name="Duree_de_realisation_des_actions" owner="admin" group="dba" mode="644" created="2018-06-04T14:45:59+02:00" modified="2018-06-04T16:59:56+02:00" filename="Duree_de_realisation_des_actions" mimetype="application/xml">
        <acl entries="0" version="1"/>
    </resource>
    <resource type="XMLResource" name="Nombre_action_par_tablette" owner="admin" group="dba" mode="644" created="2018-06-04T14:49:58+02:00" modified="2018-06-04T17:05:29+02:00" filename="Nombre_action_par_tablette" mimetype="application/xml">
        <acl entries="0" version="1"/>
    </resource>
    <resource type="XMLResource" name="Passage_par_station" owner="admin" group="dba" mode="644" created="2018-06-04T14:51:29+02:00" modified="2018-06-04T14:51:29+02:00" filename="Passage_par_station" mimetype="application/xml">
        <acl entries="0" version="1"/>
    </resource>
    <resource type="XMLResource" name="Performance_au_cours_du_temps" owner="admin" group="dba" mode="644" created="2018-06-04T14:51:57+02:00" modified="2018-06-04T14:51:57+02:00" filename="Performance_au_cours_du_temps" mimetype="application/xml">
        <acl entries="0" version="1"/>
    </resource>
    <resource type="XMLResource" name="Nombre_action_et_trajet_Symbolique_par_equipe" owner="admin" group="dba" mode="644" created="2018-06-04T14:52:28+02:00" modified="2018-06-04T14:52:28+02:00" filename="Nombre_action_et_trajet_Symbolique_par_equipe" mimetype="application/xml">
        <acl entries="0" version="1"/>
    </resource>
    <resource type="XMLResource" name="Durer_et_trajet_Symbolique_total" owner="admin" group="dba" mode="644" created="2018-06-04T14:52:59+02:00" modified="2018-06-04T14:52:59+02:00" filename="Durer_et_trajet_Symbolique_total" mimetype="application/xml">
        <acl entries="0" version="1"/>
    </resource>
    <resource type="XMLResource" name="Activity1" owner="admin" group="dba" mode="644" created="2018-06-04T16:59:17+02:00" modified="2018-06-04T16:59:38+02:00" filename="Activity1" mimetype="application/xml">
        <acl entries="0" version="1"/>
    </resource>
    <resource type="XMLResource" name="Activity2" owner="admin" group="dba" mode="644" created="2018-06-04T17:00:04+02:00" modified="2018-06-04T17:00:50+02:00" filename="Activity2" mimetype="application/xml">
        <acl entries="0" version="1"/>
    </resource>
    <resource type="XMLResource" name="Activity3" owner="admin" group="dba" mode="644" created="2018-06-04T17:01:09+02:00" modified="2018-06-04T17:06:04+02:00" filename="Activity3" mimetype="application/xml">
        <acl entries="0" version="1"/>
    </resource>
    <resource type="XMLResource" name="Activity4" owner="admin" group="dba" mode="644" created="2018-06-04T17:15:41+02:00" modified="2018-06-04T17:15:48+02:00" filename="Activity4" mimetype="application/xml">
        <acl entries="0" version="1"/>
    </resource>
    <resource type="XMLResource" name="Activity5" owner="admin" group="dba" mode="644" created="2018-06-04T17:02:31+02:00" modified="2018-06-04T17:02:37+02:00" filename="Activity5" mimetype="application/xml">
        <acl entries="0" version="1"/>
    </resource>
    <resource type="XMLResource" name="Activity7" owner="admin" group="dba" mode="644" created="2018-06-04T17:37:26+02:00" modified="2018-06-04T17:37:46+02:00" filename="Activity7" mimetype="application/xml">
        <acl entries="0" version="1"/>
    </resource>
</collection>