<collection xmlns="http://exist.sourceforge.net/NS/exist" name="/db/Dashboard/Patterns" owner="admin" group="dba" mode="755" created="2017-11-16T15:28:06+01:00" version="1">
    <acl entries="0" version="1"/>
    <resource type="XMLResource" name="MonitorActivity.xml" owner="admin" group="dba" mode="644" created="2018-03-30T16:31:34+02:00" modified="2018-06-01T12:19:25+02:00" filename="MonitorActivity.xml" mimetype="application/xml">
        <acl entries="0" version="1"/>
    </resource>
    <resource type="XMLResource" name="MonitoringActivity.xml" owner="admin" group="dba" mode="644" created="2018-01-08T16:02:23+01:00" modified="2018-03-30T16:32:15+02:00" filename="MonitoringActivity.xml" mimetype="application/xml">
        <acl entries="0" version="1"/>
    </resource>
    <resource type="XMLResource" name="MontitoringUser.xml" owner="admin" group="dba" mode="644" created="2018-01-09T11:04:45+01:00" modified="2018-01-09T17:07:30+01:00" filename="MontitoringUser.xml" mimetype="application/xml">
        <acl entries="0" version="1"/>
    </resource>
</collection>