<Pattern usecase="" decision="Monitoring Context-Related performance" typeDecision="strategic"><View name="Environment" GroupBy=""><KPI name="Passage action" order="2"><Query> </Query><Axis value="Environment" type="1"/><Axis value="Time" type="2"/><Axis value="DataProducers" type="3"/><Preference> </Preference></KPI><KPI name="Difficulte" order="1"><Query> </Query><Axis value="Activity" type="1"/><Axis value="Time" type="2"/><Axis value="valueAction" type="3"/><Preference> </Preference></KPI><AdaptativeRules>
       </AdaptativeRules></View></Pattern>