<Pattern usecase="" decision="Monitoring Learners Activity" typeDecision="strategic"><View name="Activity" GroupBy=""><KPI name="Difficulté de l'activité" order="1"><Query> </Query><Axis value="Activity" type="1"/><Axis value="Time" type="2"/><Axis value="valueAction" type="3"/><Preference> </Preference></KPI><KPI name="Difficulté de l'activité" order="2"><Query> </Query><Axis value="Activity" type="1"/><Axis value="valueAction" type="2"/><Axis value="DataProducers" type="3"/><Axis value="Time" type="4"/><Preference> </Preference></KPI><AdaptativeRules>
       </AdaptativeRules></View></Pattern>