<collection xmlns="http://exist.sourceforge.net/NS/exist" name="/db/Dashboard/IndicatorsSources" owner="admin" group="dba" mode="755" created="2017-11-30T10:01:45+01:00" version="1">
    <acl entries="0" version="1"/>
    <resource type="XMLResource" name="ktbs-ktbs" owner="admin" group="dba" mode="644" created="2017-12-04T09:30:19+01:00" modified="2017-12-04T09:30:19+01:00" filename="ktbs-ktbs" mimetype="application/xml">
        <acl entries="0" version="1"/>
    </resource>
    <resource type="XMLResource" name="Tactileo" owner="admin" group="dba" mode="644" created="2017-12-11T11:25:25+01:00" modified="2017-12-11T11:25:25+01:00" filename="Tactileo" mimetype="application/xml">
        <acl entries="0" version="1"/>
    </resource>
    <resource type="XMLResource" name="TactileoS2.xml" owner="admin" group="dba" mode="644" created="2018-06-05T16:29:18+02:00" modified="2018-06-05T16:31:44+02:00" filename="TactileoS2.xml" mimetype="application/xml">
        <acl entries="0" version="1"/>
    </resource>
</collection>