<context><Description dimension=""/><obsels><element id="o-81" type="m:Data"><begin>1525338645</begin><c1>Tablette 8</c1><c2>Station 2</c2><c3>Note</c3><end>1525338645</end><hasSubject>../all-tablets/</hasSubject><value>1</value></element><element id="o-8x" type="m:Data"><begin>1525361247</begin><c1>Tablette 4</c1><c2>Station 7ter</c2><c3>Photo</c3><end>1525361420</end><hasSubject>../all-tablets/</hasSubject><value>3</value></element><element id="o-8q" type="m:Data"><begin>1525361160</begin><c1>Tablette 2</c1><c2>Station 7ter</c2><c3>Photo</c3><end>1525361556</end><hasSubject>../all-tablets/</hasSubject><value>3</value></element></obsels></context>