<collection xmlns="http://exist.sourceforge.net/NS/exist" name="/db/Dashboard" owner="admin" group="dba" mode="755" created="2018-06-19T09:32:10+02:00" version="1">
    <acl entries="0" version="1"/>
    <resource type="BinaryResource" name="xqueryAttributes" owner="admin" group="dba" mode="755" created="2018-01-10T15:41:12+01:00" modified="2018-01-10T15:41:34+01:00" filename="xqueryAttributes" mimetype="application/xquery">
        <acl entries="0" version="1"/>
    </resource>
    <resource type="XMLResource" name="vocabCopy" owner="admin" group="dba" mode="644" created="2018-01-05T15:10:35+01:00" modified="2018-01-05T15:10:35+01:00" filename="vocabCopy" mimetype="application/xml">
        <acl entries="0" version="1"/>
    </resource>
    <subcollection name="test" filename="test"/>
    <subcollection name="PerceptionMeans" filename="PerceptionMeans"/>
    <subcollection name="User" filename="User"/>
    <subcollection name="Indicators" filename="Indicators"/>
    <subcollection name="Vocabulary" filename="Vocabulary"/>
    <subcollection name="UseCase" filename="UseCase"/>
    <subcollection name="Patterns" filename="Patterns"/>
    <subcollection name="IndicatorsSources" filename="IndicatorsSources"/>
</collection>