<collection xmlns="http://exist.sourceforge.net/NS/exist" name="/db/Dashboard/UseCase" owner="admin" group="dba" mode="755" created="2017-11-16T15:27:41+01:00" version="1">
    <acl entries="0" version="1"/>
    <resource type="XMLResource" name="Rearth.xml" owner="admin" group="dba" mode="644" created="2018-03-30T16:21:42+02:00" modified="2018-06-04T17:29:12+02:00" filename="Rearth.xml" mimetype="application/xml">
        <acl entries="0" version="1"/>
    </resource>
    <resource type="XMLResource" name="TactileoMap.xml" owner="admin" group="dba" mode="644" created="2017-11-16T15:30:16+01:00" modified="2018-06-19T23:17:53+02:00" filename="TactileoMap.xml" mimetype="application/xml">
        <acl entries="0" version="1"/>
    </resource>
    <resource type="XMLResource" name="Tamagocours.xml" owner="admin" group="dba" mode="644" created="2017-11-17T10:06:48+01:00" modified="2018-06-04T16:40:07+02:00" filename="Tamagocours.xml" mimetype="application/xml">
        <acl entries="0" version="1"/>
    </resource>
</collection>