<UseCase name="Rearth"><description>description</description><levelEducation>Teaching</levelEducation><Scenario name="Rearth Mesurer levolution des apprenants au cours du temps"><name>Mesurer lévolution des apprenants au cours du temps</name><AnalysisPlatform>UTL</AnalysisPlatform><Description>Description</Description><Period>2017-05-31T12:00:00</Period><Objective><Problematic> Comparaison entre le jeu conçu et le jeu joué</Problematic><Problematic>Analyse des situations de formulation et de validation</Problematic><Referance/><Purpose>Comparer le jeu joué avec le jeu proposé par lenseignant : décrire le déroulement du jeu pour analyser que font réellement les élèves</Purpose><destination><Actors>tuteur</Actors><Decision>améliorer lanimation du jeu</Decision><LearningPlatform name="Rearth"><type/><learningSession/></LearningPlatform><LearningSession>May2017</LearningSession><PeriodTime><Start>2017-05-01T12:00:00</Start><dStart>2017-05-31T12:00:00</dStart></PeriodTime><Activity name="Rearth chercher objets"><Indicators Name="Groupe Pervasif: Mesurer Engagement par Module et par Temps passee"/><Indicators Name="Indicateur Time"/><Indicators Name="Durer Totale dactivite"/><Indicators Name="Perfermance  au cours du temps"/></Activity><Activity name="Rearth lol"><Indicators Name="trajet Symbolique total"/><Indicators Name="trajet Symbolique par equipe"/><Indicators Name="Durer Totale dactivite"/><Indicators Name="Perfermance  au cours du temps"/></Activity></destination></Objective></Scenario><Scenario name="Rearth geolocalisation"><name>geolocalisation </name><AnalysisPlatform>KTBS</AnalysisPlatform><Description>Description</Description><Period>2017-05-31T12:00:00</Period><Objective><Problematic>distribution</Problematic><Referance/><Purpose>Comparer le jeu joué avec le jeu proposé par lenseignant : décrire le déroulement du jeu pour analyser que font réellement les élèves</Purpose><destination><Actors>tuteur</Actors><Decision>améliorer lanimation du jeu</Decision><LearningPlatform name="Rearth"><type/><learningSession/></LearningPlatform><LearningSession>May2017</LearningSession><PeriodTime><Start>2017-05-01T12:00:00</Start><dStart>2017-05-31T12:00:00</dStart></PeriodTime><Activity name="Rearth chercher objets"><name> dd</name><Indicators Name="Indicater de Simulation"/><Indicators Name="Indicateur Transmission"/></Activity><Activity name="Rearth Evaluation de travail"><Indicators Name="trajet Symbolique total"/></Activity></destination></Objective></Scenario></UseCase>