<UseCase name="TactileoMap">
    <description>description</description>
    <levelEducation>Teaching</levelEducation>
    <Scenario name="Activity duration">
        <name>Activity duration</name>
        <AnalysisPlatform>UTL</AnalysisPlatform>
        <Description>Description</Description>
        <Period>2017-05-31T12:00:00</Period>
        <Objective>
            <Problematic> Comparaison entre le jeu conçu et le jeu joué</Problematic>
            <Problematic>Analyse des situations de formulation et de validation</Problematic>
            <Referance/>
            <Purpose>Comparer le jeu joué avec le jeu proposé par l'enseignant : décrire le déroulement du jeu pour analyser que font réellement les élèves</Purpose>
            <destination>
                <Actors>Enseignant</Actors>
                <Decision>améliorer l'animation du jeu</Decision>
                <LearningPlatform name="TactileoMap">
                    <type/>
                    <learningSession/>
                </LearningPlatform>
                <LearningSession>May2017</LearningSession>
                <PeriodTime>
                    <Start>2017-05-01T12:00:00</Start>
                    <dStart>2017-05-31T12:00:00</dStart>
                </PeriodTime>
                <Activity name="Activity information">
                    <Indicators Name="Durée globale"/>
                    <Indicators Name="Durée globale2"/>
                </Activity>
                <Activity name="Test">
                    <Indicators Name="Temps passé par Station"/>
                    <Indicators Name="Nombre d'actions passées par Station"/>
                </Activity>
            </destination>
        </Objective>
    </Scenario>
    <Scenario name="Mesurer l'évolution des apprenants au cours du temps">
        <name>Mesurer l'e'évolution des apprenants au cours du temps</name>
        <AnalysisPlatform>UTL</AnalysisPlatform>
        <Description>Description</Description>
        <Period>2017-05-31T12:00:00</Period>
        <Objective>
            <Problematic> Comparaison entre le jeu conçu et le jeu joué</Problematic>
            <Problematic>Analyse des situations de formulation et de validation</Problematic>
            <Referance/>
            <Purpose>Comparer le jeu joué avec le jeu proposé par l'enseignant : décrire le déroulement du jeu pour analyser que font réellement les élèves</Purpose>
            <destination>
                <Actors>Enseignant</Actors>
                <Decision>améliorer l'animation du jeu</Decision>
                <LearningPlatform name="TactileoMap">
                    <type/>
                    <learningSession/>
                </LearningPlatform>
                <LearningSession>May2017</LearningSession>
                <PeriodTime>
                    <Start>2017-05-01T12:00:00</Start>
                    <dStart>2017-05-31T12:00:00</dStart>
                </PeriodTime>
                <Activity name="Passage Temporelle">
                    <Indicators Name="Temps passée par Station"/>
                    <Indicators Name="Nombre d'actions passées par Station"/>
                </Activity>
                <Activity name="Test">
                    <Indicators Name="Temps passé par Station"/>
                    <Indicators Name="Nombre d'actions passées par Station"/>
                </Activity>
            </destination>
        </Objective>
    </Scenario>
    <Scenario name="geolocalisation">
        <name>geolocalisation </name>
        <AnalysisPlatform>KTBS</AnalysisPlatform>
        <Description>Description</Description>
        <Period>2017-05-31T12:00:00</Period>
        <Objective>
            <Problematic>distribution</Problematic>
            <Referance/>
            <Purpose>Comparer le jeu joué avec le jeu proposé par l'enseignant : décrire le déroulement du jeu pour analyser que font réellement les élèves</Purpose>
            <destination>
                <Actors>Enseignant</Actors>
                <Decision>améliorer l'animation du jeu</Decision>
                <LearningPlatform name="TactileoMap">
                    <type/>
                    <learningSession/>
                </LearningPlatform>
                <LearningSession>May2017</LearningSession>
                <PeriodTime>
                    <Start>2017-05-01T12:00:00</Start>
                    <dStart>2017-05-31T12:00:00</dStart>
                </PeriodTime>
                <Activity name="Actions">
                    <Indicators Name="Temps pris pour chaque Action"/>
                    <Indicators Name="Nombre d'actions par Action"/>
                </Activity>
                <Activity name="Test2">
                    <Indicators Name="Temps pris pour chaque Action"/>
                    <Indicators Name="Nombre d'actions par Action"/>
                </Activity>
            </destination>
        </Objective>
    </Scenario>
    <Scenario name="Comparaison entre deux séances">
        <name>Comparaison entre deux séances</name>
        <AnalysisPlatform>UTL</AnalysisPlatform>
        <Description>Description</Description>
        <Period>2017-05-31T12:00:00</Period>
        <Objective>
            <Problematic> Comparaison entre le jeu conçu et le jeu joué</Problematic>
            <Problematic>Analyse des situations de formulation et de validation</Problematic>
            <Referance/>
            <Purpose>Comparer le jeu joué avec le jeu proposé par l'enseignant : décrire le déroulement du jeu pour analyser que font réellement les élèves</Purpose>
            <destination>
                <Actors>Enseignant</Actors>
                <Decision>améliorer l'animation du jeu</Decision>
                <LearningPlatform name="TactileoMap">
                    <type/>
                    <learningSession/>
                </LearningPlatform>
                <LearningSession>May2017</LearningSession>
                <PeriodTime>
                    <Start>2017-05-01T12:00:00</Start>
                    <dStart>2017-05-31T12:00:00</dStart>
                </PeriodTime>
                <Activity name="Séance du 17/5/2017">
                    <Indicators Name="Nombre d'actions effectuées par tablette"/>
                    <Indicators Name="Nombre d'actions effectuées dans chaque station"/>
                </Activity>
                <Activity name="Séance du 3/5/2018">
                    <Indicators Name="Nombre d'action effectuées par tablette"/>
                    <Indicators Name="Nombre d'action effectuées dans chaque station"/>
                </Activity>
            </destination>
        </Objective>
    </Scenario>
</UseCase>