<collection xmlns="http://exist.sourceforge.net/NS/exist" name="/db/Dashboard/Indicators/TactileoMap" owner="admin" group="dba" mode="755" created="2018-06-06T14:47:35+02:00" version="1">
    <acl entries="0" version="1"/>
    <resource type="XMLResource" name="Tablette_Temps_pris_pour_chaque_Action" owner="admin" group="dba" mode="644" created="2018-06-04T17:57:36+02:00" modified="2018-06-20T09:02:48+02:00" filename="Tablette_Temps_pris_pour_chaque_Action" mimetype="application/xml">
        <acl entries="0" version="1"/>
    </resource>
    <resource type="XMLResource" name="Tablette_Nombre_daction_par_Action" owner="admin" group="dba" mode="644" created="2018-06-04T17:58:15+02:00" modified="2018-06-20T09:01:34+02:00" filename="Tablette_Nombre_daction_par_Action" mimetype="application/xml">
        <acl entries="0" version="1"/>
    </resource>
    <resource type="XMLResource" name="Tablette_Duree" owner="admin" group="dba" mode="644" created="2018-06-05T15:23:25+02:00" modified="2018-06-20T09:01:08+02:00" filename="Tablette_Duree" mimetype="application/xml">
        <acl entries="0" version="1"/>
    </resource>
    <resource type="XMLResource" name="Tablette_Comparaison_Nombre_actions" owner="admin" group="dba" mode="644" created="2018-06-05T15:52:48+02:00" modified="2018-06-20T00:02:39+02:00" filename="Tablette_Comparaison_Nombre_actions" mimetype="application/xml">
        <acl entries="0" version="1"/>
    </resource>
    <resource type="XMLResource" name="Tablette_Comparaison_Nombre_action" owner="admin" group="dba" mode="644" created="2018-06-05T15:53:57+02:00" modified="2018-06-20T00:02:58+02:00" filename="Tablette_Comparaison_Nombre_action" mimetype="application/xml">
        <acl entries="0" version="1"/>
    </resource>
    <resource type="XMLResource" name="Tableatte_comparaison_seance1" owner="admin" group="dba" mode="644" created="2018-06-05T15:56:51+02:00" modified="2018-06-20T00:02:20+02:00" filename="Tableatte_comparaison_seance1" mimetype="application/xml">
        <acl entries="0" version="1"/>
    </resource>
    <resource type="XMLResource" name="Tableatte_comparaison_seance11" owner="admin" group="dba" mode="644" created="2018-06-05T15:58:01+02:00" modified="2018-06-20T00:03:32+02:00" filename="Tableatte_comparaison_seance11" mimetype="application/xml">
        <acl entries="0" version="1"/>
    </resource>
    <resource type="XMLResource" name="Station_Tablette_Temps" owner="admin" group="dba" mode="644" created="2018-06-04T14:43:35+02:00" modified="2018-06-04T14:43:35+02:00" filename="Station_Tablette_Temps" mimetype="application/xml">
        <acl entries="0" version="1"/>
    </resource>
    <resource type="XMLResource" name="Evolution_des_tablettes" owner="admin" group="dba" mode="644" created="2018-06-04T14:48:51+02:00" modified="2018-06-04T15:24:13+02:00" filename="Evolution_des_tablettes" mimetype="application/xml">
        <acl entries="0" version="1"/>
    </resource>
    <resource type="XMLResource" name="Tablette_Temps_passee_par_Station" owner="admin" group="dba" mode="644" created="2018-06-04T17:50:25+02:00" modified="2018-06-20T09:02:31+02:00" filename="Tablette_Temps_passee_par_Station" mimetype="application/xml">
        <acl entries="0" version="1"/>
    </resource>
    <resource type="XMLResource" name="Tablette_Nombre_daction_passee_par_Station" owner="admin" group="dba" mode="644" created="2018-06-04T17:56:22+02:00" modified="2018-06-20T09:02:07+02:00" filename="Tablette_Nombre_daction_passee_par_Station" mimetype="application/xml">
        <acl entries="0" version="1"/>
    </resource>
</collection>